0.00632;18.00l;2.310;0;0.5380;6.5750;65.20;4.0900l;1;296.0;15.30;396.90l;4.98;24.00
0.02731l;0.00l;7.070;0;0.4690;6.4210;78.90;4.9671l;2;242.0;17.80;396.90l;9.14;21.60
0.02729l;0.00l;7.070;0;0.4690;7.1850;61.10;4.9671l;2;242.0;17.80;392.83l;4.03;34.70
0.03237l;0.00l;2.180;0;0.4580;6.9980;45.80;6.0622l;3;222.0;18.70;394.63l;2.94;33.40
0.06905l;0.00l;2.180;0;0.4580;7.1470;54.20;6.0622l;3;222.0;18.70;396.90l;5.33;36.20
0.02985l;0.00l;2.180;0;0.4580;6.4300;58.70;6.0622l;3;222.0;18.70;394.12l;5.21;28.70
0.08829;12.50l;7.870;0;0.5240;6.0120;66.60;5.5605l;5;311.0;15.20;395.60;12.43;22.90
0.14455;12.50l;7.870;0;0.5240;6.1720;96.10;5.9505l;5;311.0;15.20;396.90;19.15;27.10
0.21124;12.50l;7.870;0;0.5240;5.6310;100.00;6.0821l;5;311.0;15.20;386.63;29.93;16.50
0.17004;12.50l;7.870;0;0.5240;6.0040;85.90;6.5921l;5;311.0;15.20;386.71;17.10;18.90
0.22489;12.50l;7.870;0;0.5240;6.3770;94.30;6.3467l;5;311.0;15.20;392.52;20.45;15.00
0.11747;12.50l;7.870;0;0.5240;6.0090;82.90;6.2267l;5;311.0;15.20;396.90;13.27;18.90
0.09378;12.50l;7.870;0;0.5240;5.8890;39.00;5.4509l;5;311.0;15.20;390.50;15.71;21.70
0.62976l;0.00l;8.140;0;0.5380;5.9490;61.80;4.7075l;4;307.0;21.00;396.90l;8.26;20.40
0.63796l;0.00l;8.140;0;0.5380;6.0960;84.50;4.4619l;4;307.0;21.00;380.02;10.26;18.20
0.62739l;0.00l;8.140;0;0.5380;5.8340;56.50;4.4986l;4;307.0;21.00;395.62l;8.47;19.90
1.05393l;0.00l;8.140;0;0.5380;5.9350;29.30;4.4986l;4;307.0;21.00;386.85l;6.58;23.10
0.78420l;0.00l;8.140;0;0.5380;5.9900;81.70;4.2579l;4;307.0;21.00;386.75;14.67;17.50
0.80271l;0.00l;8.140;0;0.5380;5.4560;36.60;3.7965l;4;307.0;21.00;288.99;11.69;20.20
0.72580l;0.00l;8.140;0;0.5380;5.7270;69.50;3.7965l;4;307.0;21.00;390.95;11.28;18.20
1.25179l;0.00l;8.140;0;0.5380;5.5700;98.10;3.7979l;4;307.0;21.00;376.57;21.02;13.60
0.85204l;0.00l;8.140;0;0.5380;5.9650;89.20;4.0123l;4;307.0;21.00;392.53;13.83;19.60
1.23247l;0.00l;8.140;0;0.5380;6.1420;91.70;3.9769l;4;307.0;21.00;396.90;18.72;15.20
0.98843l;0.00l;8.140;0;0.5380;5.8130;100.00;4.0952l;4;307.0;21.00;394.54;19.88;14.50
0.75026l;0.00l;8.140;0;0.5380;5.9240;94.10;4.3996l;4;307.0;21.00;394.33;16.30;15.60
0.84054l;0.00l;8.140;0;0.5380;5.5990;85.70;4.4546l;4;307.0;21.00;303.42;16.51;13.90
0.67191l;0.00l;8.140;0;0.5380;5.8130;90.30;4.6820l;4;307.0;21.00;376.88;14.81;16.60
0.95577l;0.00l;8.140;0;0.5380;6.0470;88.80;4.4534l;4;307.0;21.00;306.38;17.28;14.80
0.77299l;0.00l;8.140;0;0.5380;6.4950;94.40;4.4547l;4;307.0;21.00;387.94;12.80;18.40
1.00245l;0.00l;8.140;0;0.5380;6.6740;87.30;4.2390l;4;307.0;21.00;380.23;11.98;21.00
1.13081l;0.00l;8.140;0;0.5380;5.7130;94.10;4.2330l;4;307.0;21.00;360.17;22.60;12.70
1.35472l;0.00l;8.140;0;0.5380;6.0720;100.00;4.1750l;4;307.0;21.00;376.73;13.04;14.50
1.38799l;0.00l;8.140;0;0.5380;5.9500;82.00;3.9900l;4;307.0;21.00;232.60;27.71;13.20
1.15172l;0.00l;8.140;0;0.5380;5.7010;95.00;3.7872l;4;307.0;21.00;358.77;18.35;13.10
1.61282l;0.00l;8.140;0;0.5380;6.0960;96.90;3.7598l;4;307.0;21.00;248.31;20.34;13.50
0.06417l;0.00l;5.960;0;0.4990;5.9330;68.20;3.3603l;5;279.0;19.20;396.90l;9.68;18.90
0.09744l;0.00l;5.960;0;0.4990;5.8410;61.40;3.3779l;5;279.0;19.20;377.56;11.41;20.00
0.08014l;0.00l;5.960;0;0.4990;5.8500;41.50;3.9342l;5;279.0;19.20;396.90l;8.77;21.00
0.17505l;0.00l;5.960;0;0.4990;5.9660;30.20;3.8473l;5;279.0;19.20;393.43;10.13;24.70
0.02763;75.00l;2.950;0;0.4280;6.5950;21.80;5.4011l;3;252.0;18.30;395.63l;4.32;30.80
0.03359;75.00l;2.950;0;0.4280;7.0240;15.80;5.4011l;3;252.0;18.30;395.62l;1.98;34.90
0.12744l;0.00l;6.910;0;0.4480;6.7700l;2.90;5.7209l;3;233.0;17.90;385.41l;4.84;26.60
0.14150l;0.00l;6.910;0;0.4480;6.1690l;6.60;5.7209l;3;233.0;17.90;383.37l;5.81;25.30
0.15936l;0.00l;6.910;0;0.4480;6.2110l;6.50;5.7209l;3;233.0;17.90;394.46l;7.44;24.70
0.12269l;0.00l;6.910;0;0.4480;6.0690;40.00;5.7209l;3;233.0;17.90;389.39l;9.55;21.20
0.17142l;0.00l;6.910;0;0.4480;5.6820;33.80;5.1004l;3;233.0;17.90;396.90;10.21;19.30
0.18836l;0.00l;6.910;0;0.4480;5.7860;33.30;5.1004l;3;233.0;17.90;396.90;14.15;20.00
0.22927l;0.00l;6.910;0;0.4480;6.0300;85.50;5.6894l;3;233.0;17.90;392.74;18.80;16.60
0.25387l;0.00l;6.910;0;0.4480;5.3990;95.30;5.8700l;3;233.0;17.90;396.90;30.81;14.40
0.21977l;0.00l;6.910;0;0.4480;5.6020;62.00;6.0877l;3;233.0;17.90;396.90;16.20;19.40
0.08873;21.00l;5.640;0;0.4390;5.9630;45.70;6.8147l;4;243.0;16.80;395.56;13.45;19.70
0.04337;21.00l;5.640;0;0.4390;6.1150;63.00;6.8147l;4;243.0;16.80;393.97l;9.43;20.50
0.05360;21.00l;5.640;0;0.4390;6.5110;21.10;6.8147l;4;243.0;16.80;396.90l;5.28;25.00
0.04981;21.00l;5.640;0;0.4390;5.9980;21.40;6.8147l;4;243.0;16.80;396.90l;8.43;23.40
0.01360;75.00l;4.000;0;0.4100;5.8880;47.60;7.3197l;3;469.0;21.10;396.90;14.80;18.90
0.01311;90.00l;1.220;0;0.4030;7.2490;21.90;8.6966l;5;226.0;17.90;395.93l;4.81;35.40
0.02055;85.00l;0.740;0;0.4100;6.3830;35.70;9.1876l;2;313.0;17.30;396.90l;5.77;24.70
0.01432;100.00l;1.320;0;0.4110;6.8160;40.50;8.3248l;5;256.0;15.10;392.90l;3.95;31.60
0.15445;25.00l;5.130;0;0.4530;6.1450;29.20;7.8148l;8;284.0;19.70;390.68l;6.86;23.30
0.10328;25.00l;5.130;0;0.4530;5.9270;47.20;6.9320l;8;284.0;19.70;396.90l;9.22;19.60
0.14932;25.00l;5.130;0;0.4530;5.7410;66.20;7.2254l;8;284.0;19.70;395.11;13.15;18.70
0.17171;25.00l;5.130;0;0.4530;5.9660;93.40;6.8185l;8;284.0;19.70;378.08;14.44;16.00
0.11027;25.00l;5.130;0;0.4530;6.4560;67.80;7.2255l;8;284.0;19.70;396.90l;6.73;22.20
0.12650;25.00l;5.130;0;0.4530;6.7620;43.40;7.9809l;8;284.0;19.70;395.58l;9.50;25.00
0.01951;17.50l;1.380;0;0.4161;7.1040;59.50;9.2229l;3;216.0;18.60;393.24l;8.05;33.00
0.03584;80.00l;3.370;0;0.3980;6.2900;17.80;6.6115l;4;337.0;16.10;396.90l;4.67;23.50
0.04379;80.00l;3.370;0;0.3980;5.7870;31.10;6.6115l;4;337.0;16.10;396.90;10.24;19.40
0.05789;12.50l;6.070;0;0.4090;5.8780;21.40;6.4980l;4;345.0;18.90;396.21l;8.10;22.00
0.13554;12.50l;6.070;0;0.4090;5.5940;36.80;6.4980l;4;345.0;18.90;396.90;13.09;17.40
0.12816;12.50l;6.070;0;0.4090;5.8850;33.00;6.4980l;4;345.0;18.90;396.90l;8.79;20.90
0.08826l;0.00;10.810;0;0.4130;6.4170l;6.60;5.2873l;4;305.0;19.20;383.73l;6.72;24.20
0.15876l;0.00;10.810;0;0.4130;5.9610;17.50;5.2873l;4;305.0;19.20;376.94l;9.88;21.70
0.09164l;0.00;10.810;0;0.4130;6.0650l;7.80;5.2873l;4;305.0;19.20;390.91l;5.52;22.80
0.19539l;0.00;10.810;0;0.4130;6.2450l;6.20;5.2873l;4;305.0;19.20;377.17l;7.54;23.40
0.07896l;0.00;12.830;0;0.4370;6.2730l;6.00;4.2515l;5;398.0;18.70;394.92l;6.78;24.10
0.09512l;0.00;12.830;0;0.4370;6.2860;45.00;4.5026l;5;398.0;18.70;383.23l;8.94;21.40
0.10153l;0.00;12.830;0;0.4370;6.2790;74.50;4.0522l;5;398.0;18.70;373.66;11.97;20.00
0.08707l;0.00;12.830;0;0.4370;6.1400;45.80;4.0905l;5;398.0;18.70;386.96;10.27;20.80
0.05646l;0.00;12.830;0;0.4370;6.2320;53.70;5.0141l;5;398.0;18.70;386.40;12.34;21.20
0.08387l;0.00;12.830;0;0.4370;5.8740;36.60;4.5026l;5;398.0;18.70;396.06l;9.10;20.30
0.04113;25.00l;4.860;0;0.4260;6.7270;33.50;5.4007l;4;281.0;19.00;396.90l;5.29;28.00
0.04462;25.00l;4.860;0;0.4260;6.6190;70.40;5.4007l;4;281.0;19.00;395.63l;7.22;23.90
0.03659;25.00l;4.860;0;0.4260;6.3020;32.20;5.4007l;4;281.0;19.00;396.90l;6.72;24.80
0.03551;25.00l;4.860;0;0.4260;6.1670;46.70;5.4007l;4;281.0;19.00;390.64l;7.51;22.90
0.05059l;0.00l;4.490;0;0.4490;6.3890;48.00;4.7794l;3;247.0;18.50;396.90l;9.62;23.90
0.05735l;0.00l;4.490;0;0.4490;6.6300;56.10;4.4377l;3;247.0;18.50;392.30l;6.53;26.60
0.05188l;0.00l;4.490;0;0.4490;6.0150;45.10;4.4272l;3;247.0;18.50;395.99;12.86;22.50
0.07151l;0.00l;4.490;0;0.4490;6.1210;56.80;3.7476l;3;247.0;18.50;395.15l;8.44;22.20
0.05660l;0.00l;3.410;0;0.4890;7.0070;86.30;3.4217l;2;270.0;17.80;396.90l;5.50;23.60
0.05302l;0.00l;3.410;0;0.4890;7.0790;63.10;3.4145l;2;270.0;17.80;396.06l;5.70;28.70
0.04684l;0.00l;3.410;0;0.4890;6.4170;66.10;3.0923l;2;270.0;17.80;392.18l;8.81;22.60
0.03932l;0.00l;3.410;0;0.4890;6.4050;73.90;3.0921l;2;270.0;17.80;393.55l;8.20;22.00
0.04203;28.00;15.040;0;0.4640;6.4420;53.60;3.6659l;4;270.0;18.20;395.01l;8.16;22.90
0.02875;28.00;15.040;0;0.4640;6.2110;28.90;3.6659l;4;270.0;18.20;396.33l;6.21;25.00
0.04294;28.00;15.040;0;0.4640;6.2490;77.30;3.6150l;4;270.0;18.20;396.90;10.59;20.60
0.12204l;0.00l;2.890;0;0.4450;6.6250;57.80;3.4952l;2;276.0;18.00;357.98l;6.65;28.40
0.11504l;0.00l;2.890;0;0.4450;6.1630;69.60;3.4952l;2;276.0;18.00;391.83;11.34;21.40
0.12083l;0.00l;2.890;0;0.4450;8.0690;76.00;3.4952l;2;276.0;18.00;396.90l;4.21;38.70
0.08187l;0.00l;2.890;0;0.4450;7.8200;36.90;3.4952l;2;276.0;18.00;393.53l;3.57;43.80
0.06860l;0.00l;2.890;0;0.4450;7.4160;62.50;3.4952l;2;276.0;18.00;396.90l;6.19;33.20
0.14866l;0.00l;8.560;0;0.5200;6.7270;79.90;2.7778l;5;384.0;20.90;394.76l;9.42;27.50
0.11432l;0.00l;8.560;0;0.5200;6.7810;71.30;2.8561l;5;384.0;20.90;395.58l;7.67;26.50
0.22876l;0.00l;8.560;0;0.5200;6.4050;85.40;2.7147l;5;384.0;20.90;70.80;10.63;18.60
0.21161l;0.00l;8.560;0;0.5200;6.1370;87.40;2.7147l;5;384.0;20.90;394.47;13.44;19.30
0.13960l;0.00l;8.560;0;0.5200;6.1670;90.00;2.4210l;5;384.0;20.90;392.69;12.33;20.10
0.13262l;0.00l;8.560;0;0.5200;5.8510;96.70;2.1069l;5;384.0;20.90;394.05;16.47;19.50
0.17120l;0.00l;8.560;0;0.5200;5.8360;91.90;2.2110l;5;384.0;20.90;395.67;18.66;19.50
0.13117l;0.00l;8.560;0;0.5200;6.1270;85.20;2.1224l;5;384.0;20.90;387.69;14.09;20.40
0.12802l;0.00l;8.560;0;0.5200;6.4740;97.10;2.4329l;5;384.0;20.90;395.24;12.27;19.80
0.26363l;0.00l;8.560;0;0.5200;6.2290;91.20;2.5451l;5;384.0;20.90;391.23;15.55;19.40
0.10793l;0.00l;8.560;0;0.5200;6.1950;54.40;2.7778l;5;384.0;20.90;393.49;13.00;21.70
0.10084l;0.00;10.010;0;0.5470;6.7150;81.60;2.6775l;6;432.0;17.80;395.59;10.16;22.80
0.12329l;0.00;10.010;0;0.5470;5.9130;92.90;2.3534l;6;432.0;17.80;394.95;16.21;18.80
0.22212l;0.00;10.010;0;0.5470;6.0920;95.40;2.5480l;6;432.0;17.80;396.90;17.09;18.70
0.14231l;0.00;10.010;0;0.5470;6.2540;84.20;2.2565l;6;432.0;17.80;388.74;10.45;18.50
0.17134l;0.00;10.010;0;0.5470;5.9280;88.20;2.4631l;6;432.0;17.80;344.91;15.76;18.30
0.13158l;0.00;10.010;0;0.5470;6.1760;72.50;2.7301l;6;432.0;17.80;393.30;12.04;21.20
0.15098l;0.00;10.010;0;0.5470;6.0210;82.60;2.7474l;6;432.0;17.80;394.51;10.30;19.20
0.13058l;0.00;10.010;0;0.5470;5.8720;73.10;2.4775l;6;432.0;17.80;338.63;15.37;20.40
0.14476l;0.00;10.010;0;0.5470;5.7310;65.20;2.7592l;6;432.0;17.80;391.50;13.61;19.30
0.06899l;0.00;25.650;0;0.5810;5.8700;69.70;2.2577l;2;188.0;19.10;389.15;14.37;22.00
0.07165l;0.00;25.650;0;0.5810;6.0040;84.10;2.1974l;2;188.0;19.10;377.67;14.27;20.30
0.09299l;0.00;25.650;0;0.5810;5.9610;92.90;2.0869l;2;188.0;19.10;378.09;17.93;20.50
0.15038l;0.00;25.650;0;0.5810;5.8560;97.00;1.9444l;2;188.0;19.10;370.31;25.41;17.30
0.09849l;0.00;25.650;0;0.5810;5.8790;95.80;2.0063l;2;188.0;19.10;379.38;17.58;18.80
0.16902l;0.00;25.650;0;0.5810;5.9860;88.40;1.9929l;2;188.0;19.10;385.02;14.81;21.40
0.38735l;0.00;25.650;0;0.5810;5.6130;95.60;1.7572l;2;188.0;19.10;359.29;27.26;15.70
0.25915l;0.00;21.890;0;0.6240;5.6930;96.00;1.7883l;4;437.0;21.20;392.11;17.19;16.20
0.32543l;0.00;21.890;0;0.6240;6.4310;98.80;1.8125l;4;437.0;21.20;396.90;15.39;18.00
0.88125l;0.00;21.890;0;0.6240;5.6370;94.70;1.9799l;4;437.0;21.20;396.90;18.34;14.30
0.34006l;0.00;21.890;0;0.6240;6.4580;98.90;2.1185l;4;437.0;21.20;395.04;12.60;19.20
1.19294l;0.00;21.890;0;0.6240;6.3260;97.70;2.2710l;4;437.0;21.20;396.90;12.26;19.60
0.59005l;0.00;21.890;0;0.6240;6.3720;97.90;2.3274l;4;437.0;21.20;385.76;11.12;23.00
0.32982l;0.00;21.890;0;0.6240;5.8220;95.40;2.4699l;4;437.0;21.20;388.69;15.03;18.40
0.97617l;0.00;21.890;0;0.6240;5.7570;98.40;2.3460l;4;437.0;21.20;262.76;17.31;15.60
0.55778l;0.00;21.890;0;0.6240;6.3350;98.20;2.1107l;4;437.0;21.20;394.67;16.96;18.10
0.32264l;0.00;21.890;0;0.6240;5.9420;93.50;1.9669l;4;437.0;21.20;378.25;16.90;17.40
0.35233l;0.00;21.890;0;0.6240;6.4540;98.40;1.8498l;4;437.0;21.20;394.08;14.59;17.10
0.24980l;0.00;21.890;0;0.6240;5.8570;98.20;1.6686l;4;437.0;21.20;392.04;21.32;13.30
0.54452l;0.00;21.890;0;0.6240;6.1510;97.90;1.6687l;4;437.0;21.20;396.90;18.46;17.80
0.29090l;0.00;21.890;0;0.6240;6.1740;93.60;1.6119l;4;437.0;21.20;388.08;24.16;14.00
1.62864l;0.00;21.890;0;0.6240;5.0190;100.00;1.4394l;4;437.0;21.20;396.90;34.41;14.40
3.32105l;0.00;19.580;1;0.8710;5.4030;100.00;1.3216l;5;403.0;14.70;396.90;26.82;13.40
4.09740l;0.00;19.580;0;0.8710;5.4680;100.00;1.4118l;5;403.0;14.70;396.90;26.42;15.60
2.77974l;0.00;19.580;0;0.8710;4.9030;97.80;1.3459l;5;403.0;14.70;396.90;29.29;11.80
2.37934l;0.00;19.580;0;0.8710;6.1300;100.00;1.4191l;5;403.0;14.70;172.91;27.80;13.80
2.15505l;0.00;19.580;0;0.8710;5.6280;100.00;1.5166l;5;403.0;14.70;169.27;16.65;15.60
2.36862l;0.00;19.580;0;0.8710;4.9260;95.70;1.4608l;5;403.0;14.70;391.71;29.53;14.60
2.33099l;0.00;19.580;0;0.8710;5.1860;93.80;1.5296l;5;403.0;14.70;356.99;28.32;17.80
2.73397l;0.00;19.580;0;0.8710;5.5970;94.90;1.5257l;5;403.0;14.70;351.85;21.45;15.40
1.65660l;0.00;19.580;0;0.8710;6.1220;97.30;1.6180l;5;403.0;14.70;372.80;14.10;21.50
1.49632l;0.00;19.580;0;0.8710;5.4040;100.00;1.5916l;5;403.0;14.70;341.60;13.28;19.60
1.12658l;0.00;19.580;1;0.8710;5.0120;88.00;1.6102l;5;403.0;14.70;343.28;12.12;15.30
2.14918l;0.00;19.580;0;0.8710;5.7090;98.50;1.6232l;5;403.0;14.70;261.95;15.79;19.40
1.41385l;0.00;19.580;1;0.8710;6.1290;96.00;1.7494l;5;403.0;14.70;321.02;15.12;17.00
3.53501l;0.00;19.580;1;0.8710;6.1520;82.60;1.7455l;5;403.0;14.70;88.01;15.02;15.60
2.44668l;0.00;19.580;0;0.8710;5.2720;94.00;1.7364l;5;403.0;14.70;88.63;16.14;13.10
1.22358l;0.00;19.580;0;0.6050;6.9430;97.40;1.8773l;5;403.0;14.70;363.43l;4.59;41.30
1.34284l;0.00;19.580;0;0.6050;6.0660;100.00;1.7573l;5;403.0;14.70;353.89l;6.43;24.30
1.42502l;0.00;19.580;0;0.8710;6.5100;100.00;1.7659l;5;403.0;14.70;364.31l;7.39;23.30
1.27346l;0.00;19.580;1;0.6050;6.2500;92.60;1.7984l;5;403.0;14.70;338.92l;5.50;27.00
1.46336l;0.00;19.580;0;0.6050;7.4890;90.80;1.9709l;5;403.0;14.70;374.43l;1.73;50.00
1.83377l;0.00;19.580;1;0.6050;7.8020;98.20;2.0407l;5;403.0;14.70;389.61l;1.92;50.00
1.51902l;0.00;19.580;1;0.6050;8.3750;93.90;2.1620l;5;403.0;14.70;388.45l;3.32;50.00
2.24236l;0.00;19.580;0;0.6050;5.8540;91.80;2.4220l;5;403.0;14.70;395.11;11.64;22.70
2.92400l;0.00;19.580;0;0.6050;6.1010;93.00;2.2834l;5;403.0;14.70;240.16l;9.81;25.00
2.01019l;0.00;19.580;0;0.6050;7.9290;96.20;2.0459l;5;403.0;14.70;369.30l;3.70;50.00
1.80028l;0.00;19.580;0;0.6050;5.8770;79.20;2.4259l;5;403.0;14.70;227.61;12.14;23.80
2.30040l;0.00;19.580;0;0.6050;6.3190;96.10;2.1000l;5;403.0;14.70;297.09;11.10;23.80
2.44953l;0.00;19.580;0;0.6050;6.4020;95.20;2.2625l;5;403.0;14.70;330.04;11.32;22.30
1.20742l;0.00;19.580;0;0.6050;5.8750;94.60;2.4259l;5;403.0;14.70;292.29;14.43;17.40
2.31390l;0.00;19.580;0;0.6050;5.8800;97.30;2.3887l;5;403.0;14.70;348.13;12.03;19.10
0.13914l;0.00l;4.050;0;0.5100;5.5720;88.50;2.5961l;5;296.0;16.60;396.90;14.69;23.10
0.09178l;0.00l;4.050;0;0.5100;6.4160;84.10;2.6463l;5;296.0;16.60;395.50l;9.04;23.60
0.08447l;0.00l;4.050;0;0.5100;5.8590;68.70;2.7019l;5;296.0;16.60;393.23l;9.64;22.60
0.06664l;0.00l;4.050;0;0.5100;6.5460;33.10;3.1323l;5;296.0;16.60;390.96l;5.33;29.40
0.07022l;0.00l;4.050;0;0.5100;6.0200;47.20;3.5549l;5;296.0;16.60;393.23;10.11;23.20
0.05425l;0.00l;4.050;0;0.5100;6.3150;73.40;3.3175l;5;296.0;16.60;395.60l;6.29;24.60
0.06642l;0.00l;4.050;0;0.5100;6.8600;74.40;2.9153l;5;296.0;16.60;391.27l;6.92;29.90
0.05780l;0.00l;2.460;0;0.4880;6.9800;58.40;2.8290l;3;193.0;17.80;396.90l;5.04;37.20
0.06588l;0.00l;2.460;0;0.4880;7.7650;83.30;2.7410l;3;193.0;17.80;395.56l;7.56;39.80
0.06888l;0.00l;2.460;0;0.4880;6.1440;62.20;2.5979l;3;193.0;17.80;396.90l;9.45;36.20
0.09103l;0.00l;2.460;0;0.4880;7.1550;92.20;2.7006l;3;193.0;17.80;394.12l;4.82;37.90
0.10008l;0.00l;2.460;0;0.4880;6.5630;95.60;2.8470l;3;193.0;17.80;396.90l;5.68;32.50
0.08308l;0.00l;2.460;0;0.4880;5.6040;89.80;2.9879l;3;193.0;17.80;391.00;13.98;26.40
0.06047l;0.00l;2.460;0;0.4880;6.1530;68.80;3.2797l;3;193.0;17.80;387.11;13.15;29.60
0.05602l;0.00l;2.460;0;0.4880;7.8310;53.60;3.1992l;3;193.0;17.80;392.63l;4.45;50.00
0.07875;45.00l;3.440;0;0.4370;6.7820;41.10;3.7886l;5;398.0;15.20;393.87l;6.68;32.00
0.12579;45.00l;3.440;0;0.4370;6.5560;29.10;4.5667l;5;398.0;15.20;382.84l;4.56;29.80
0.08370;45.00l;3.440;0;0.4370;7.1850;38.90;4.5667l;5;398.0;15.20;396.90l;5.39;34.90
0.09068;45.00l;3.440;0;0.4370;6.9510;21.50;6.4798l;5;398.0;15.20;377.68l;5.10;37.00
0.06911;45.00l;3.440;0;0.4370;6.7390;30.80;6.4798l;5;398.0;15.20;389.71l;4.69;30.50
0.08664;45.00l;3.440;0;0.4370;7.1780;26.30;6.4798l;5;398.0;15.20;390.49l;2.87;36.40
0.02187;60.00l;2.930;0;0.4010;6.8000l;9.90;6.2196l;1;265.0;15.60;393.37l;5.03;31.10
0.01439;60.00l;2.930;0;0.4010;6.6040;18.80;6.2196l;1;265.0;15.60;376.70l;4.38;29.10
0.01381;80.00l;0.460;0;0.4220;7.8750;32.00;5.6484l;4;255.0;14.40;394.23l;2.97;50.00
0.04011;80.00l;1.520;0;0.4040;7.2870;34.10;7.3090l;2;329.0;12.60;396.90l;4.08;33.30
0.04666;80.00l;1.520;0;0.4040;7.1070;36.60;7.3090l;2;329.0;12.60;354.31l;8.61;30.30
0.03768;80.00l;1.520;0;0.4040;7.2740;38.30;7.3090l;2;329.0;12.60;392.20l;6.62;34.60
0.03150;95.00l;1.470;0;0.4030;6.9750;15.30;7.6534l;3;402.0;17.00;396.90l;4.56;34.90
0.01778;95.00l;1.470;0;0.4030;7.1350;13.90;7.6534l;3;402.0;17.00;384.30l;4.45;32.90
0.03445;82.50l;2.030;0;0.4150;6.1620;38.40;6.2700l;2;348.0;14.70;393.77l;7.43;24.10
0.02177;82.50l;2.030;0;0.4150;7.6100;15.70;6.2700l;2;348.0;14.70;395.38l;3.11;42.30
0.03510;95.00l;2.680;0;0.4161;7.8530;33.20;5.1180l;4;224.0;14.70;392.78l;3.81;48.50
0.02009;95.00l;2.680;0;0.4161;8.0340;31.90;5.1180l;4;224.0;14.70;390.55l;2.88;50.00
0.13642l;0.00;10.590;0;0.4890;5.8910;22.30;3.9454l;4;277.0;18.60;396.90;10.87;22.60
0.22969l;0.00;10.590;0;0.4890;6.3260;52.50;4.3549l;4;277.0;18.60;394.87;10.97;24.40
0.25199l;0.00;10.590;0;0.4890;5.7830;72.70;4.3549l;4;277.0;18.60;389.43;18.06;22.50
0.13587l;0.00;10.590;1;0.4890;6.0640;59.10;4.2392l;4;277.0;18.60;381.32;14.66;24.40
0.43571l;0.00;10.590;1;0.4890;5.3440;100.00;3.8750l;4;277.0;18.60;396.90;23.09;20.00
0.17446l;0.00;10.590;1;0.4890;5.9600;92.10;3.8771l;4;277.0;18.60;393.25;17.27;21.70
0.37578l;0.00;10.590;1;0.4890;5.4040;88.60;3.6650l;4;277.0;18.60;395.24;23.98;19.30
0.21719l;0.00;10.590;1;0.4890;5.8070;53.80;3.6526l;4;277.0;18.60;390.94;16.03;22.40
0.14052l;0.00;10.590;0;0.4890;6.3750;32.30;3.9454l;4;277.0;18.60;385.81l;9.38;28.10
0.28955l;0.00;10.590;0;0.4890;5.4120l;9.80;3.5875l;4;277.0;18.60;348.93;29.55;23.70
0.19802l;0.00;10.590;0;0.4890;6.1820;42.40;3.9454l;4;277.0;18.60;393.63l;9.47;25.00
0.04560l;0.00;13.890;1;0.5500;5.8880;56.00;3.1121l;5;276.0;16.40;392.80;13.51;23.30
0.07013l;0.00;13.890;0;0.5500;6.6420;85.10;3.4211l;5;276.0;16.40;392.78l;9.69;28.70
0.11069l;0.00;13.890;1;0.5500;5.9510;93.80;2.8893l;5;276.0;16.40;396.90;17.92;21.50
0.11425l;0.00;13.890;1;0.5500;6.3730;92.40;3.3633l;5;276.0;16.40;393.74;10.50;23.00
0.35809l;0.00l;6.200;1;0.5070;6.9510;88.50;2.8617l;8;307.0;17.40;391.70l;9.71;26.70
0.40771l;0.00l;6.200;1;0.5070;6.1640;91.30;3.0480l;8;307.0;17.40;395.24;21.46;21.70
0.62356l;0.00l;6.200;1;0.5070;6.8790;77.70;3.2721l;8;307.0;17.40;390.39l;9.93;27.50
0.61470l;0.00l;6.200;0;0.5070;6.6180;80.80;3.2721l;8;307.0;17.40;396.90l;7.60;30.10
0.31533l;0.00l;6.200;0;0.5040;8.2660;78.30;2.8944l;8;307.0;17.40;385.05l;4.14;44.80
0.52693l;0.00l;6.200;0;0.5040;8.7250;83.00;2.8944l;8;307.0;17.40;382.00l;4.63;50.00
0.38214l;0.00l;6.200;0;0.5040;8.0400;86.50;3.2157l;8;307.0;17.40;387.38l;3.13;37.60
0.41238l;0.00l;6.200;0;0.5040;7.1630;79.90;3.2157l;8;307.0;17.40;372.08l;6.36;31.60
0.29819l;0.00l;6.200;0;0.5040;7.6860;17.00;3.3751l;8;307.0;17.40;377.51l;3.92;46.70
0.44178l;0.00l;6.200;0;0.5040;6.5520;21.40;3.3751l;8;307.0;17.40;380.34l;3.76;31.50
0.53700l;0.00l;6.200;0;0.5040;5.9810;68.10;3.6715l;8;307.0;17.40;378.35;11.65;24.30
0.46296l;0.00l;6.200;0;0.5040;7.4120;76.90;3.6715l;8;307.0;17.40;376.14l;5.25;31.70
0.57529l;0.00l;6.200;0;0.5070;8.3370;73.30;3.8384l;8;307.0;17.40;385.91l;2.47;41.70
0.33147l;0.00l;6.200;0;0.5070;8.2470;70.40;3.6519l;8;307.0;17.40;378.95l;3.95;48.30
0.44791l;0.00l;6.200;1;0.5070;6.7260;66.50;3.6519l;8;307.0;17.40;360.20l;8.05;29.00
0.33045l;0.00l;6.200;0;0.5070;6.0860;61.50;3.6519l;8;307.0;17.40;376.75;10.88;24.00
0.52058l;0.00l;6.200;1;0.5070;6.6310;76.50;4.1480l;8;307.0;17.40;388.45l;9.54;25.10
0.51183l;0.00l;6.200;0;0.5070;7.3580;71.60;4.1480l;8;307.0;17.40;390.07l;4.73;31.50
0.08244;30.00l;4.930;0;0.4280;6.4810;18.50;6.1899l;6;300.0;16.60;379.41l;6.36;23.70
0.09252;30.00l;4.930;0;0.4280;6.6060;42.20;6.1899l;6;300.0;16.60;383.78l;7.37;23.30
0.11329;30.00l;4.930;0;0.4280;6.8970;54.30;6.3361l;6;300.0;16.60;391.25;11.38;22.00
0.10612;30.00l;4.930;0;0.4280;6.0950;65.10;6.3361l;6;300.0;16.60;394.62;12.40;20.10
0.10290;30.00l;4.930;0;0.4280;6.3580;52.90;7.0355l;6;300.0;16.60;372.75;11.22;22.20
0.12757;30.00l;4.930;0;0.4280;6.3930l;7.80;7.0355l;6;300.0;16.60;374.71l;5.19;23.70
0.20608;22.00l;5.860;0;0.4310;5.5930;76.50;7.9549l;7;330.0;19.10;372.49;12.50;17.60
0.19133;22.00l;5.860;0;0.4310;5.6050;70.20;7.9549l;7;330.0;19.10;389.13;18.46;18.50
0.33983;22.00l;5.860;0;0.4310;6.1080;34.90;8.0555l;7;330.0;19.10;390.18l;9.16;24.30
0.19657;22.00l;5.860;0;0.4310;6.2260;79.20;8.0555l;7;330.0;19.10;376.14;10.15;20.50
0.16439;22.00l;5.860;0;0.4310;6.4330;49.10;7.8265l;7;330.0;19.10;374.71l;9.52;24.50
0.19073;22.00l;5.860;0;0.4310;6.7180;17.50;7.8265l;7;330.0;19.10;393.74l;6.56;26.20
0.14030;22.00l;5.860;0;0.4310;6.4870;13.00;7.3967l;7;330.0;19.10;396.28l;5.90;24.40
0.21409;22.00l;5.860;0;0.4310;6.4380l;8.90;7.3967l;7;330.0;19.10;377.07l;3.59;24.80
0.08221;22.00l;5.860;0;0.4310;6.9570l;6.80;8.9067l;7;330.0;19.10;386.09l;3.53;29.60
0.36894;22.00l;5.860;0;0.4310;8.2590l;8.40;8.9067l;7;330.0;19.10;396.90l;3.54;42.80
0.04819;80.00l;3.640;0;0.3920;6.1080;32.00;9.2203l;1;315.0;16.40;392.89l;6.57;21.90
0.03548;80.00l;3.640;0;0.3920;5.8760;19.10;9.2203l;1;315.0;16.40;395.18l;9.25;20.90
0.01538;90.00l;3.750;0;0.3940;7.4540;34.20;6.3361l;3;244.0;15.90;386.34l;3.11;44.00
0.61154;20.00l;3.970;0;0.6470;8.7040;86.90;1.8010l;5;264.0;13.00;389.70l;5.12;50.00
0.66351;20.00l;3.970;0;0.6470;7.3330;100.00;1.8946l;5;264.0;13.00;383.29l;7.79;36.00
0.65665;20.00l;3.970;0;0.6470;6.8420;100.00;2.0107l;5;264.0;13.00;391.93l;6.90;30.10
0.54011;20.00l;3.970;0;0.6470;7.2030;81.80;2.1121l;5;264.0;13.00;392.80l;9.59;33.80
0.53412;20.00l;3.970;0;0.6470;7.5200;89.40;2.1398l;5;264.0;13.00;388.37l;7.26;43.10
0.52014;20.00l;3.970;0;0.6470;8.3980;91.50;2.2885l;5;264.0;13.00;386.86l;5.91;48.80
0.82526;20.00l;3.970;0;0.6470;7.3270;94.50;2.0788l;5;264.0;13.00;393.42;11.25;31.00
0.55007;20.00l;3.970;0;0.6470;7.2060;91.60;1.9301l;5;264.0;13.00;387.89l;8.10;36.50
0.76162;20.00l;3.970;0;0.6470;5.5600;62.80;1.9865l;5;264.0;13.00;392.40;10.45;22.80
0.78570;20.00l;3.970;0;0.6470;7.0140;84.60;2.1329l;5;264.0;13.00;384.07;14.79;30.70
0.57834;20.00l;3.970;0;0.5750;8.2970;67.00;2.4216l;5;264.0;13.00;384.54l;7.44;50.00
0.54050;20.00l;3.970;0;0.5750;7.4700;52.60;2.8720l;5;264.0;13.00;390.30l;3.16;43.50
0.09065;20.00l;6.960;1;0.4640;5.9200;61.50;3.9175l;3;223.0;18.60;391.34;13.65;20.70
0.29916;20.00l;6.960;0;0.4640;5.8560;42.10;4.4290l;3;223.0;18.60;388.65;13.00;21.10
0.16211;20.00l;6.960;0;0.4640;6.2400;16.30;4.4290l;3;223.0;18.60;396.90l;6.59;25.20
0.11460;20.00l;6.960;0;0.4640;6.5380;58.70;3.9175l;3;223.0;18.60;394.96l;7.73;24.40
0.22188;20.00l;6.960;1;0.4640;7.6910;51.80;4.3665l;3;223.0;18.60;390.77l;6.58;35.20
0.05644;40.00l;6.410;1;0.4470;6.7580;32.90;4.0776l;4;254.0;17.60;396.90l;3.53;32.40
0.09604;40.00l;6.410;0;0.4470;6.8540;42.80;4.2673l;4;254.0;17.60;396.90l;2.98;32.00
0.10469;40.00l;6.410;1;0.4470;7.2670;49.00;4.7872l;4;254.0;17.60;389.25l;6.05;33.20
0.06127;40.00l;6.410;1;0.4470;6.8260;27.60;4.8628l;4;254.0;17.60;393.45l;4.16;33.10
0.07978;40.00l;6.410;0;0.4470;6.4820;32.10;4.1403l;4;254.0;17.60;396.90l;7.19;29.10
0.21038;20.00l;3.330;0;0.4429;6.8120;32.20;4.1007l;5;216.0;14.90;396.90l;4.85;35.10
0.03578;20.00l;3.330;0;0.4429;7.8200;64.50;4.6947l;5;216.0;14.90;387.31l;3.76;45.40
0.03705;20.00l;3.330;0;0.4429;6.9680;37.20;5.2447l;5;216.0;14.90;392.23l;4.59;35.40
0.06129;20.00l;3.330;1;0.4429;7.6450;49.70;5.2119l;5;216.0;14.90;377.07l;3.01;46.00
0.01501;90.00l;1.210;1;0.4010;7.9230;24.80;5.8850l;1;198.0;13.60;395.52l;3.16;50.00
0.00906;90.00l;2.970;0;0.4000;7.0880;20.80;7.3073l;1;285.0;15.30;394.72l;7.85;32.20
0.01096;55.00l;2.250;0;0.3890;6.4530;31.90;7.3073l;1;300.0;15.30;394.72l;8.23;22.00
0.01965;80.00l;1.760;0;0.3850;6.2300;31.50;9.0892l;1;241.0;18.20;341.60;12.93;20.10
0.03871;52.50l;5.320;0;0.4050;6.2090;31.30;7.3172l;6;293.0;16.60;396.90l;7.14;23.20
0.04590;52.50l;5.320;0;0.4050;6.3150;45.60;7.3172l;6;293.0;16.60;396.90l;7.60;22.30
0.04297;52.50l;5.320;0;0.4050;6.5650;22.90;7.3172l;6;293.0;16.60;371.72l;9.51;24.80
0.03502;80.00l;4.950;0;0.4110;6.8610;27.90;5.1167l;4;245.0;19.20;396.90l;3.33;28.50
0.07886;80.00l;4.950;0;0.4110;7.1480;27.70;5.1167l;4;245.0;19.20;396.90l;3.56;37.30
0.03615;80.00l;4.950;0;0.4110;6.6300;23.40;5.1167l;4;245.0;19.20;396.90l;4.70;27.90
0.08265l;0.00;13.920;0;0.4370;6.1270;18.40;5.5027l;4;289.0;16.00;396.90l;8.58;23.90
0.08199l;0.00;13.920;0;0.4370;6.0090;42.30;5.5027l;4;289.0;16.00;396.90;10.40;21.70
0.12932l;0.00;13.920;0;0.4370;6.6780;31.10;5.9604l;4;289.0;16.00;396.90l;6.27;28.60
0.05372l;0.00;13.920;0;0.4370;6.5490;51.00;5.9604l;4;289.0;16.00;392.85l;7.39;27.10
0.14103l;0.00;13.920;0;0.4370;5.7900;58.00;6.3200l;4;289.0;16.00;396.90;15.84;20.30
0.06466;70.00l;2.240;0;0.4000;6.3450;20.10;7.8278l;5;358.0;14.80;368.24l;4.97;22.50
0.05561;70.00l;2.240;0;0.4000;7.0410;10.00;7.8278l;5;358.0;14.80;371.58l;4.74;29.00
0.04417;70.00l;2.240;0;0.4000;6.8710;47.40;7.8278l;5;358.0;14.80;390.86l;6.07;24.80
0.03537;34.00l;6.090;0;0.4330;6.5900;40.40;5.4917l;7;329.0;16.10;395.75l;9.50;22.00
0.09266;34.00l;6.090;0;0.4330;6.4950;18.40;5.4917l;7;329.0;16.10;383.61l;8.67;26.40
0.10000;34.00l;6.090;0;0.4330;6.9820;17.70;5.4917l;7;329.0;16.10;390.43l;4.86;33.10
0.05515;33.00l;2.180;0;0.4720;7.2360;41.10;4.0220l;7;222.0;18.40;393.68l;6.93;36.10
0.05479;33.00l;2.180;0;0.4720;6.6160;58.10;3.3700l;7;222.0;18.40;393.36l;8.93;28.40
0.07503;33.00l;2.180;0;0.4720;7.4200;71.90;3.0992l;7;222.0;18.40;396.90l;6.47;33.40
0.04932;33.00l;2.180;0;0.4720;6.8490;70.30;3.1827l;7;222.0;18.40;396.90l;7.53;28.20
0.49298l;0.00l;9.900;0;0.5440;6.6350;82.50;3.3175l;4;304.0;18.40;396.90l;4.54;22.80
0.34940l;0.00l;9.900;0;0.5440;5.9720;76.70;3.1025l;4;304.0;18.40;396.24l;9.97;20.30
2.63548l;0.00l;9.900;0;0.5440;4.9730;37.80;2.5194l;4;304.0;18.40;350.45;12.64;16.10
0.79041l;0.00l;9.900;0;0.5440;6.1220;52.80;2.6403l;4;304.0;18.40;396.90l;5.98;22.10
0.26169l;0.00l;9.900;0;0.5440;6.0230;90.40;2.8340l;4;304.0;18.40;396.30;11.72;19.40
0.26938l;0.00l;9.900;0;0.5440;6.2660;82.80;3.2628l;4;304.0;18.40;393.39l;7.90;21.60
0.36920l;0.00l;9.900;0;0.5440;6.5670;87.30;3.6023l;4;304.0;18.40;395.69l;9.28;23.80
0.25356l;0.00l;9.900;0;0.5440;5.7050;77.70;3.9450l;4;304.0;18.40;396.42;11.50;16.20
0.31827l;0.00l;9.900;0;0.5440;5.9140;83.20;3.9986l;4;304.0;18.40;390.70;18.33;17.80
0.24522l;0.00l;9.900;0;0.5440;5.7820;71.70;4.0317l;4;304.0;18.40;396.90;15.94;19.80
0.40202l;0.00l;9.900;0;0.5440;6.3820;67.20;3.5325l;4;304.0;18.40;395.21;10.36;23.10
0.47547l;0.00l;9.900;0;0.5440;6.1130;58.80;4.0019l;4;304.0;18.40;396.23;12.73;21.00
0.16760l;0.00l;7.380;0;0.4930;6.4260;52.30;4.5404l;5;287.0;19.60;396.90l;7.20;23.80
0.18159l;0.00l;7.380;0;0.4930;6.3760;54.30;4.5404l;5;287.0;19.60;396.90l;6.87;23.10
0.35114l;0.00l;7.380;0;0.4930;6.0410;49.90;4.7211l;5;287.0;19.60;396.90l;7.70;20.40
0.28392l;0.00l;7.380;0;0.4930;5.7080;74.30;4.7211l;5;287.0;19.60;391.13;11.74;18.50
0.34109l;0.00l;7.380;0;0.4930;6.4150;40.10;4.7211l;5;287.0;19.60;396.90l;6.12;25.00
0.19186l;0.00l;7.380;0;0.4930;6.4310;14.70;5.4159l;5;287.0;19.60;393.68l;5.08;24.60
0.30347l;0.00l;7.380;0;0.4930;6.3120;28.90;5.4159l;5;287.0;19.60;396.90l;6.15;23.00
0.24103l;0.00l;7.380;0;0.4930;6.0830;43.70;5.4159l;5;287.0;19.60;396.90;12.79;22.20
0.06617l;0.00l;3.240;0;0.4600;5.8680;25.80;5.2146l;4;430.0;16.90;382.44l;9.97;19.30
0.06724l;0.00l;3.240;0;0.4600;6.3330;17.20;5.2146l;4;430.0;16.90;375.21l;7.34;22.60
0.04544l;0.00l;3.240;0;0.4600;6.1440;32.20;5.8736l;4;430.0;16.90;368.57l;9.09;19.80
0.05023;35.00l;6.060;0;0.4379;5.7060;28.40;6.6407l;1;304.0;16.90;394.02;12.43;17.10
0.03466;35.00l;6.060;0;0.4379;6.0310;23.30;6.6407l;1;304.0;16.90;362.25l;7.83;19.40
0.05083l;0.00l;5.190;0;0.5150;6.3160;38.10;6.4584l;5;224.0;20.20;389.71l;5.68;22.20
0.03738l;0.00l;5.190;0;0.5150;6.3100;38.50;6.4584l;5;224.0;20.20;389.40l;6.75;20.70
0.03961l;0.00l;5.190;0;0.5150;6.0370;34.50;5.9853l;5;224.0;20.20;396.90l;8.01;21.10
0.03427l;0.00l;5.190;0;0.5150;5.8690;46.30;5.2311l;5;224.0;20.20;396.90l;9.80;19.50
0.03041l;0.00l;5.190;0;0.5150;5.8950;59.60;5.6150l;5;224.0;20.20;394.81;10.56;18.50
0.03306l;0.00l;5.190;0;0.5150;6.0590;37.30;4.8122l;5;224.0;20.20;396.14l;8.51;20.60
0.05497l;0.00l;5.190;0;0.5150;5.9850;45.40;4.8122l;5;224.0;20.20;396.90l;9.74;19.00
0.06151l;0.00l;5.190;0;0.5150;5.9680;58.50;4.8122l;5;224.0;20.20;396.90l;9.29;18.70
0.01301;35.00l;1.520;0;0.4420;7.2410;49.30;7.0379l;1;284.0;15.50;394.74l;5.49;32.70
0.02498l;0.00l;1.890;0;0.5180;6.5400;59.70;6.2669l;1;422.0;15.90;389.96l;8.65;16.50
0.02543;55.00l;3.780;0;0.4840;6.6960;56.40;5.7321l;5;370.0;17.60;396.90l;7.18;23.90
0.03049;55.00l;3.780;0;0.4840;6.8740;28.10;6.4654l;5;370.0;17.60;387.97l;4.61;31.20
0.03113l;0.00l;4.390;0;0.4420;6.0140;48.50;8.0136l;3;352.0;18.80;385.64;10.53;17.50
0.06162l;0.00l;4.390;0;0.4420;5.8980;52.30;8.0136l;3;352.0;18.80;364.61;12.67;17.20
0.01870;85.00l;4.150;0;0.4290;6.5160;27.70;8.5353l;4;351.0;17.90;392.43l;6.36;23.10
0.01501;80.00l;2.010;0;0.4350;6.6350;29.70;8.3440l;4;280.0;17.00;390.94l;5.99;24.50
0.02899;40.00l;1.250;0;0.4290;6.9390;34.50;8.7921l;1;335.0;19.70;389.85l;5.89;26.60
0.06211;40.00l;1.250;0;0.4290;6.4900;44.40;8.7921l;1;335.0;19.70;396.90l;5.98;22.90
0.07950;60.00l;1.690;0;0.4110;6.5790;35.90;10.7103l;4;411.0;18.30;370.78l;5.49;24.10
0.07244;60.00l;1.690;0;0.4110;5.8840;18.50;10.7103l;4;411.0;18.30;392.33l;7.79;18.60
0.01709;90.00l;2.020;0;0.4100;6.7280;36.10;12.1265l;5;187.0;17.00;384.46l;4.50;30.10
0.04301;80.00l;1.910;0;0.4130;5.6630;21.90;10.5857l;4;334.0;22.00;382.80l;8.05;18.20
0.10659;80.00l;1.910;0;0.4130;5.9360;19.50;10.5857l;4;334.0;22.00;376.04l;5.57;20.60
8.98296l;0.00;18.100;1;0.7700;6.2120;97.40;2.1222;24;666.0;20.20;377.73;17.60;17.80
3.84970l;0.00;18.100;1;0.7700;6.3950;91.00;2.5052;24;666.0;20.20;391.34;13.27;21.70
5.20177l;0.00;18.100;1;0.7700;6.1270;83.40;2.7227;24;666.0;20.20;395.43;11.48;22.70
4.26131l;0.00;18.100;0;0.7700;6.1120;81.30;2.5091;24;666.0;20.20;390.74;12.67;22.60
4.54192l;0.00;18.100;0;0.7700;6.3980;88.00;2.5182;24;666.0;20.20;374.56l;7.79;25.00
3.83684l;0.00;18.100;0;0.7700;6.2510;91.10;2.2955;24;666.0;20.20;350.65;14.19;19.90
3.67822l;0.00;18.100;0;0.7700;5.3620;96.20;2.1036;24;666.0;20.20;380.79;10.19;20.80
4.22239l;0.00;18.100;1;0.7700;5.8030;89.00;1.9047;24;666.0;20.20;353.04;14.64;16.80
3.47428l;0.00;18.100;1;0.7180;8.7800;82.90;1.9047;24;666.0;20.20;354.55l;5.29;21.90
4.55587l;0.00;18.100;0;0.7180;3.5610;87.90;1.6132;24;666.0;20.20;354.70l;7.12;27.50
3.69695l;0.00;18.100;0;0.7180;4.9630;91.40;1.7523;24;666.0;20.20;316.03;14.00;21.90
3.52220l;0.00;18.100;0;0.6310;3.8630;100.00;1.5106;24;666.0;20.20;131.42;13.33;23.10
4.89822l;0.00;18.100;0;0.6310;4.9700;100.00;1.3325;24;666.0;20.20;375.52l;3.26;50.00
5.66998l;0.00;18.100;1;0.6310;6.6830;96.80;1.3567;24;666.0;20.20;375.33l;3.73;50.00
6.53876l;0.00;18.100;1;0.6310;7.0160;97.50;1.2024;24;666.0;20.20;392.05l;2.96;50.00
9.23230l;0.00;18.100;0;0.6310;6.2160;100.00;1.1691;24;666.0;20.20;366.15l;9.53;50.00
8.26725l;0.00;18.100;1;0.6680;5.8750;89.60;1.1296;24;666.0;20.20;347.88l;8.88;50.00
1.10810l;0.00;18.100;0;0.6680;4.9060;100.00;1.1742;24;666.0;20.20;396.90;34.77;13.80
8.49820l;0.00;18.100;0;0.6680;4.1380;100.00;1.1370;24;666.0;20.20;396.90;37.97;13.80
9.60910l;0.00;18.100;0;0.6710;7.3130;97.90;1.3163;24;666.0;20.20;396.90;13.44;15.00
5.28800l;0.00;18.100;0;0.6710;6.6490;93.30;1.3449;24;666.0;20.20;363.02;23.24;13.90
9.82349l;0.00;18.100;0;0.6710;6.7940;98.80;1.3580;24;666.0;20.20;396.90;21.24;13.30
3.64820l;0.00;18.100;0;0.6710;6.3800;96.20;1.3861;24;666.0;20.20;396.90;23.69;13.10
7.86670l;0.00;18.100;0;0.6710;6.2230;100.00;1.3861;24;666.0;20.20;393.74;21.78;10.20
8.97620l;0.00;18.100;0;0.6710;6.9680;91.90;1.4165;24;666.0;20.20;396.90;17.21;10.40
5.87440l;0.00;18.100;0;0.6710;6.5450;99.10;1.5192;24;666.0;20.20;396.90;21.08;10.90
9.18702l;0.00;18.100;0;0.7000;5.5360;100.00;1.5804;24;666.0;20.20;396.90;23.60;11.30
7.99248l;0.00;18.100;0;0.7000;5.5200;100.00;1.5331;24;666.0;20.20;396.90;24.56;12.30
0.08490l;0.00;18.100;0;0.7000;4.3680;91.20;1.4395;24;666.0;20.20;285.83;30.63l;8.80
6.81180l;0.00;18.100;0;0.7000;5.2770;98.10;1.4261;24;666.0;20.20;396.90;30.81l;7.20
4.39380l;0.00;18.100;0;0.7000;4.6520;100.00;1.4672;24;666.0;20.20;396.90;28.28;10.50
2.59710l;0.00;18.100;0;0.7000;5.0000;89.50;1.5184;24;666.0;20.20;396.90;31.99l;7.40
4.33370l;0.00;18.100;0;0.7000;4.8800;100.00;1.5895;24;666.0;20.20;372.92;30.62;10.20
8.15174l;0.00;18.100;0;0.7000;5.3900;98.90;1.7281;24;666.0;20.20;396.90;20.85;11.50
6.96215l;0.00;18.100;0;0.7000;5.7130;97.00;1.9265;24;666.0;20.20;394.43;17.11;15.10
5.29305l;0.00;18.100;0;0.7000;6.0510;82.50;2.1678;24;666.0;20.20;378.38;18.76;23.20
1.57790l;0.00;18.100;0;0.7000;5.0360;97.00;1.7700;24;666.0;20.20;396.90;25.68l;9.70
8.64476l;0.00;18.100;0;0.6930;6.1930;92.60;1.7912;24;666.0;20.20;396.90;15.17;13.80
3.35980l;0.00;18.100;0;0.6930;5.8870;94.70;1.7821;24;666.0;20.20;396.90;16.35;12.70
8.71675l;0.00;18.100;0;0.6930;6.4710;98.80;1.7257;24;666.0;20.20;391.98;17.12;13.10
5.87205l;0.00;18.100;0;0.6930;6.4050;96.00;1.6768;24;666.0;20.20;396.90;19.37;12.50
7.67202l;0.00;18.100;0;0.6930;5.7470;98.90;1.6334;24;666.0;20.20;393.10;19.92l;8.50
8.35180l;0.00;18.100;0;0.6930;5.4530;100.00;1.4896;24;666.0;20.20;396.90;30.59l;5.00
9.91655l;0.00;18.100;0;0.6930;5.8520;77.80;1.5004;24;666.0;20.20;338.16;29.97l;6.30
5.04610l;0.00;18.100;0;0.6930;5.9870;100.00;1.5888;24;666.0;20.20;396.90;26.77l;5.60
4.23620l;0.00;18.100;0;0.6930;6.3430;100.00;1.5741;24;666.0;20.20;396.90;20.32l;7.20
9.59571l;0.00;18.100;0;0.6930;6.4040;100.00;1.6390;24;666.0;20.20;376.11;20.31;12.10
4.80170l;0.00;18.100;0;0.6930;5.3490;96.00;1.7028;24;666.0;20.20;396.90;19.77l;8.30
1.52920l;0.00;18.100;0;0.6930;5.5310;85.40;1.6074;24;666.0;20.20;329.46;27.38l;8.50
7.92080l;0.00;18.100;0;0.6930;5.6830;100.00;1.4254;24;666.0;20.20;384.97;22.98l;5.00
0.71620l;0.00;18.100;0;0.6590;4.1380;100.00;1.1781;24;666.0;20.20;370.22;23.34;11.90
1.95110l;0.00;18.100;0;0.6590;5.6080;100.00;1.2852;24;666.0;20.20;332.09;12.13;27.90
7.40389l;0.00;18.100;0;0.5970;5.6170;97.90;1.4547;24;666.0;20.20;314.64;26.40;17.20
4.43830l;0.00;18.100;0;0.5970;6.8520;100.00;1.4655;24;666.0;20.20;179.36;19.78;27.50
1.13580l;0.00;18.100;0;0.5970;5.7570;100.00;1.4130;24;666.0;20.20l;2.60;10.11;15.00
4.05070l;0.00;18.100;0;0.5970;6.6570;100.00;1.5275;24;666.0;20.20;35.05;21.22;17.20
8.81100l;0.00;18.100;0;0.5970;4.6280;100.00;1.5539;24;666.0;20.20;28.79;34.37;17.90
8.65580l;0.00;18.100;0;0.5970;5.1550;100.00;1.5894;24;666.0;20.20;210.97;20.08;16.30
5.74610l;0.00;18.100;0;0.6930;4.5190;100.00;1.6582;24;666.0;20.20;88.27;36.98l;7.00
8.08460l;0.00;18.100;0;0.6790;6.4340;100.00;1.8347;24;666.0;20.20;27.25;29.05l;7.20
0.83420l;0.00;18.100;0;0.6790;6.7820;90.80;1.8195;24;666.0;20.20;21.57;25.79l;7.50
5.94060l;0.00;18.100;0;0.6790;5.3040;89.10;1.6475;24;666.0;20.20;127.36;26.64;10.40
3.53410l;0.00;18.100;0;0.6790;5.9570;100.00;1.8026;24;666.0;20.20;16.45;20.62l;8.80
1.81230l;0.00;18.100;0;0.7180;6.8240;76.50;1.7940;24;666.0;20.20;48.45;22.74l;8.40
1.08740l;0.00;18.100;0;0.7180;6.4110;100.00;1.8589;24;666.0;20.20;318.75;15.02;16.70
7.02259l;0.00;18.100;0;0.7180;6.0060;95.30;1.8746;24;666.0;20.20;319.98;15.70;14.20
2.04820l;0.00;18.100;0;0.6140;5.6480;87.60;1.9512;24;666.0;20.20;291.55;14.10;20.80
7.05042l;0.00;18.100;0;0.6140;6.1030;85.10;2.0218;24;666.0;20.20l;2.52;23.29;13.40
8.79212l;0.00;18.100;0;0.5840;5.5650;70.60;2.0635;24;666.0;20.20l;3.65;17.16;11.70
5.86030l;0.00;18.100;0;0.6790;5.8960;95.40;1.9096;24;666.0;20.20l;7.68;24.39l;8.30
2.24720l;0.00;18.100;0;0.5840;5.8370;59.70;1.9976;24;666.0;20.20;24.65;15.69;10.20
7.66190l;0.00;18.100;0;0.6790;6.2020;78.70;1.8629;24;666.0;20.20;18.82;14.52;10.90
7.36711l;0.00;18.100;0;0.6790;6.1930;78.10;1.9356;24;666.0;20.20;96.73;21.52;11.00
9.33889l;0.00;18.100;0;0.6790;6.3800;95.60;1.9682;24;666.0;20.20;60.72;24.08l;9.50
8.49213l;0.00;18.100;0;0.5840;6.3480;86.10;2.0527;24;666.0;20.20;83.45;17.64;14.50
0.06230l;0.00;18.100;0;0.5840;6.8330;94.30;2.0882;24;666.0;20.20;81.33;19.69;14.10
6.44405l;0.00;18.100;0;0.5840;6.4250;74.80;2.2004;24;666.0;20.20;97.95;12.03;16.10
5.58107l;0.00;18.100;0;0.7130;6.4360;87.90;2.3158;24;666.0;20.20;100.19;16.22;14.30
3.91340l;0.00;18.100;0;0.7130;6.2080;95.00;2.2222;24;666.0;20.20;100.63;15.17;11.70
1.16040l;0.00;18.100;0;0.7400;6.6290;94.60;2.1247;24;666.0;20.20;109.85;23.27;13.40
4.42080l;0.00;18.100;0;0.7400;6.4610;93.30;2.0026;24;666.0;20.20;27.49;18.05l;9.60
5.17720l;0.00;18.100;0;0.7400;6.1520;100.00;1.9142;24;666.0;20.20l;9.32;26.45l;8.70
3.67810l;0.00;18.100;0;0.7400;5.9350;87.90;1.8206;24;666.0;20.20;68.95;34.02l;8.40
9.39063l;0.00;18.100;0;0.7400;5.6270;93.90;1.8172;24;666.0;20.20;396.90;22.88;12.80
2.05110l;0.00;18.100;0;0.7400;5.8180;92.40;1.8662;24;666.0;20.20;391.45;22.11;10.50
9.72418l;0.00;18.100;0;0.7400;6.4060;97.20;2.0651;24;666.0;20.20;385.96;19.52;17.10
5.66637l;0.00;18.100;0;0.7400;6.2190;100.00;2.0048;24;666.0;20.20;395.69;16.59;18.40
9.96654l;0.00;18.100;0;0.7400;6.4850;100.00;1.9784;24;666.0;20.20;386.73;18.85;15.40
2.80230l;0.00;18.100;0;0.7400;5.8540;96.60;1.8956;24;666.0;20.20;240.52;23.79;10.80
0.67180l;0.00;18.100;0;0.7400;6.4590;94.80;1.9879;24;666.0;20.20;43.06;23.98;11.80
6.28807l;0.00;18.100;0;0.7400;6.3410;96.40;2.0720;24;666.0;20.20;318.01;17.79;14.90
9.92485l;0.00;18.100;0;0.7400;6.2510;96.60;2.1980;24;666.0;20.20;388.52;16.44;12.60
9.32909l;0.00;18.100;0;0.7130;6.1850;98.70;2.2616;24;666.0;20.20;396.90;18.13;14.10
7.52601l;0.00;18.100;0;0.7130;6.4170;98.30;2.1850;24;666.0;20.20;304.21;19.31;13.00
6.71772l;0.00;18.100;0;0.7130;6.7490;92.60;2.3236;24;666.0;20.20l;0.32;17.44;13.40
5.44114l;0.00;18.100;0;0.7130;6.6550;98.20;2.3552;24;666.0;20.20;355.29;17.73;15.20
5.09017l;0.00;18.100;0;0.7130;6.2970;91.80;2.3682;24;666.0;20.20;385.09;17.27;16.10
8.24809l;0.00;18.100;0;0.7130;7.3930;99.30;2.4527;24;666.0;20.20;375.87;16.74;17.80
9.51363l;0.00;18.100;0;0.7130;6.7280;94.10;2.4961;24;666.0;20.20l;6.68;18.71;14.90
4.75237l;0.00;18.100;0;0.7130;6.5250;86.50;2.4358;24;666.0;20.20;50.92;18.13;14.10
4.66883l;0.00;18.100;0;0.7130;5.9760;87.90;2.5806;24;666.0;20.20;10.48;19.01;12.70
8.20058l;0.00;18.100;0;0.7130;5.9360;80.30;2.7792;24;666.0;20.20l;3.50;16.94;13.50
7.75223l;0.00;18.100;0;0.7130;6.3010;83.70;2.7831;24;666.0;20.20;272.21;16.23;14.90
6.80117l;0.00;18.100;0;0.7130;6.0810;84.40;2.7175;24;666.0;20.20;396.90;14.70;20.00
4.81213l;0.00;18.100;0;0.7130;6.7010;90.00;2.5975;24;666.0;20.20;255.23;16.42;16.40
3.69311l;0.00;18.100;0;0.7130;6.3760;88.40;2.5671;24;666.0;20.20;391.43;14.65;17.70
6.65492l;0.00;18.100;0;0.7130;6.3170;83.00;2.7344;24;666.0;20.20;396.90;13.99;19.50
5.82115l;0.00;18.100;0;0.7130;6.5130;89.90;2.8016;24;666.0;20.20;393.82;10.29;20.20
7.83932l;0.00;18.100;0;0.6550;6.2090;65.40;2.9634;24;666.0;20.20;396.90;13.22;21.40
3.16360l;0.00;18.100;0;0.6550;5.7590;48.20;3.0665;24;666.0;20.20;334.40;14.13;19.90
3.77498l;0.00;18.100;0;0.6550;5.9520;84.70;2.8715;24;666.0;20.20;22.01;17.15;19.00
4.42228l;0.00;18.100;0;0.5840;6.0030;94.50;2.5403;24;666.0;20.20;331.29;21.32;19.10
5.57570l;0.00;18.100;0;0.5800;5.9260;71.00;2.9084;24;666.0;20.20;368.74;18.13;19.10
3.07510l;0.00;18.100;0;0.5800;5.7130;56.70;2.8237;24;666.0;20.20;396.90;14.76;20.10
4.34879l;0.00;18.100;0;0.5800;6.1670;84.00;3.0334;24;666.0;20.20;396.90;16.29;19.90
4.03841l;0.00;18.100;0;0.5320;6.2290;90.70;3.0993;24;666.0;20.20;395.33;12.87;19.60
3.56868l;0.00;18.100;0;0.5800;6.4370;75.00;2.8965;24;666.0;20.20;393.37;14.36;23.20
4.64689l;0.00;18.100;0;0.6140;6.9800;67.60;2.5329;24;666.0;20.20;374.68;11.66;29.80
8.05579l;0.00;18.100;0;0.5840;5.4270;95.40;2.4298;24;666.0;20.20;352.58;18.14;13.80
6.39312l;0.00;18.100;0;0.5840;6.1620;97.40;2.2060;24;666.0;20.20;302.76;24.10;13.30
4.87141l;0.00;18.100;0;0.6140;6.4840;93.60;2.3053;24;666.0;20.20;396.21;18.68;16.70
5.02340l;0.00;18.100;0;0.6140;5.3040;97.30;2.1007;24;666.0;20.20;349.48;24.91;12.00
0.23300l;0.00;18.100;0;0.6140;6.1850;96.70;2.1705;24;666.0;20.20;379.70;18.03;14.60
4.33370l;0.00;18.100;0;0.6140;6.2290;88.00;1.9512;24;666.0;20.20;383.32;13.11;21.40
5.82401l;0.00;18.100;0;0.5320;6.2420;64.70;3.4242;24;666.0;20.20;396.90;10.74;23.00
5.70818l;0.00;18.100;0;0.5320;6.7500;74.90;3.3317;24;666.0;20.20;393.07l;7.74;23.70
5.73116l;0.00;18.100;0;0.5320;7.0610;77.00;3.4106;24;666.0;20.20;395.28l;7.01;25.00
2.81838l;0.00;18.100;0;0.5320;5.7620;40.30;4.0983;24;666.0;20.20;392.92;10.42;21.80
2.37857l;0.00;18.100;0;0.5830;5.8710;41.90;3.7240;24;666.0;20.20;370.73;13.34;20.60
3.67367l;0.00;18.100;0;0.5830;6.3120;51.90;3.9917;24;666.0;20.20;388.62;10.58;21.20
5.69175l;0.00;18.100;0;0.5830;6.1140;79.80;3.5459;24;666.0;20.20;392.68;14.98;19.10
4.83567l;0.00;18.100;0;0.5830;5.9050;53.20;3.1523;24;666.0;20.20;388.22;11.45;20.60
0.15086l;0.00;27.740;0;0.6090;5.4540;92.70;1.8209l;4;711.0;20.10;395.09;18.06;15.20
0.18337l;0.00;27.740;0;0.6090;5.4140;98.30;1.7554l;4;711.0;20.10;344.05;23.97l;7.00
0.20746l;0.00;27.740;0;0.6090;5.0930;98.00;1.8226l;4;711.0;20.10;318.43;29.68l;8.10
0.10574l;0.00;27.740;0;0.6090;5.9830;98.80;1.8681l;4;711.0;20.10;390.11;18.07;13.60
0.11132l;0.00;27.740;0;0.6090;5.9830;83.50;2.1099l;4;711.0;20.10;396.90;13.35;20.10
0.17331l;0.00l;9.690;0;0.5850;5.7070;54.00;2.3817l;6;391.0;19.20;396.90;12.01;21.80
0.27957l;0.00l;9.690;0;0.5850;5.9260;42.60;2.3817l;6;391.0;19.20;396.90;13.59;24.50
0.17899l;0.00l;9.690;0;0.5850;5.6700;28.80;2.7986l;6;391.0;19.20;393.29;17.60;23.10
0.28960l;0.00l;9.690;0;0.5850;5.3900;72.90;2.7986l;6;391.0;19.20;396.90;21.14;19.70
0.26838l;0.00l;9.690;0;0.5850;5.7940;70.60;2.8927l;6;391.0;19.20;396.90;14.10;18.30
0.23912l;0.00l;9.690;0;0.5850;6.0190;65.30;2.4091l;6;391.0;19.20;396.90;12.92;21.20
0.17783l;0.00l;9.690;0;0.5850;5.5690;73.50;2.3999l;6;391.0;19.20;395.77;15.10;17.50
0.22438l;0.00l;9.690;0;0.5850;6.0270;79.70;2.4982l;6;391.0;19.20;396.90;14.33;16.80
0.06263l;0.00;11.930;0;0.5730;6.5930;69.10;2.4786l;1;273.0;21.00;391.99l;9.67;22.40
0.04527l;0.00;11.930;0;0.5730;6.1200;76.70;2.2875l;1;273.0;21.00;396.90l;9.08;20.60
0.06076l;0.00;11.930;0;0.5730;6.9760;91.00;2.1675l;1;273.0;21.00;396.90l;5.64;23.90
0.10959l;0.00;11.930;0;0.5730;6.7940;89.30;2.3889l;1;273.0;21.00;393.45l;6.48;22.00
0.04741l;0.00;11.930;0;0.5730;6.0300;80.80;2.5050l;1;273.0;21.00;396.90l;7.88;11.90
